Title,Author,Length
Outer Dark,By: Robbie MacNiven,Length: 8 hrs and 47 mins
When Wizards Follow Fools,By: Andrew Rowe,Length: 21 hrs and 2 mins
Time to Bounce,By: Lani Lynn Vale,Length: 6 hrs and 6 mins
Big Dumb Eyes,By: Nate Bargatze,Length: 7 hrs
Crave,By: Chelle Bliss,Length: 2 hrs and 44 mins
Dark Awakening,By: I. T. Lucas,Length: 10 hrs and 12 mins
Empire,By: Nicoli Gonnella,Length: 21 hrs and 37 mins
She's a Wild One,By: Kristen Proby,Length: Not Yet Known
Knight of Shadows,By: Kel Kade,Length: 14 hrs and 54 mins
Sekret Machines: War,"By: Tom DeLonge, Peter Levenda",Length: 19 hrs and 17 mins
"Classroom of the Elite: Year 2 (Light Novel), Vol. 3",By: Syougo Kinugasa,Length: 10 hrs and 56 mins
The Anaconda Downstairs,By: Amy Award,Length: 9 hrs and 37 mins
We Three Queens,By: Rhys Bowen,Length: Not Yet Known
Sanctuary 2.0,By: Apollos Thorne,Length: 14 hrs and 14 mins
The Last Lion,By: Nicholas Sansbury Smith,Length: Not Yet Known
Quicksilver,By: Callie Hart,Length: 21 hrs and 51 mins
From Here to the Great Unknown,"By: Lisa Marie Presley, Riley Keough",Length: 5 hrs and 42 mins
The Next Conversation,By: Jefferson Fisher,Length: 11 hrs
City of Gods and Monsters,By: Kayla Edwards,Length: 23 hrs and 36 mins
Distant Warning,"By: J.N. Chaney, Terry Maggert",Length: 10 hrs and 49 mins
The Late Lord Thorpe,By: Peter Grainger,Length: 14 hrs
The Lost Legion,"By: Jason Anspach, Blaine L. Pardoe, Nick Cole",Length: 12 hrs and 20 mins
Inheriting Miss Fortune,By: Lucy Lennox,Length: 9 hrs and 17 mins
"The Weakest Tamer Began a Journey to Pick Up Trash, Vol. 4",By: Honobonoru500,Length: 9 hrs and 49 mins
Chilling Reflections,By: Drew Hayes,Length: 34 hrs
Drumindor,By: Michael J. Sullivan,Length: 12 hrs and 45 mins
The Academy,By: Patrick Bet-David,Length: 11 hrs and 45 mins
Shattered Boundaries,By: Shawn Wilson,Length: 10 hrs and 46 mins
The Striker,By: Ana Huang,Length: 15 hrs and 45 mins
Huntsong,By: pirateaba,Length: 30 hrs and 31 mins
Dungeon Diving 202,By: Bruce Sentar,Length: 10 hrs and 16 mins
To Catch a Falling Leaf,By: J. P. Valentine,Length: 10 hrs and 38 mins
Cruel Sentence,By: Michael Stagg,Length: 11 hrs and 40 mins
Unredacted,By: Christopher Steele,Length: 8 hrs and 52 mins
Play Nice,By: Jason Schreier,Length: 9 hrs and 16 mins
Sonny Boy,By: Al Pacino,Length: 12 hrs and 28 mins
"The Condemned Villainess Goes Back in Time and Aims to Become the Ultimate Villain, Vol. 2",By: Bakufu Narayama,Length: 11 hrs and 17 mins
Warlords of the Circle Sea Omnibus,By: Ember Lane,Length: 130 hrs and 6 mins
Hell's Wardens,By: pirateaba,Length: 26 hrs and 36 mins
Meditations for Mortals,By: Oliver Burkeman,Length: 4 hrs and 4 mins
Open When,By: Julie Smith,Length: 7 hrs and 37 mins
The PLAN,By: Kendra J. Adachi,Length: 6 hrs
What Does It Feel Like?,By: Sophie Kinsella,Length: 1 hr and 57 mins
I Haven’t Been Entirely Honest with You,By: Miranda Hart,Length: 10 hrs and 9 mins
Kiss It Better,By: Shvonne Latrice,Length: 14 hrs and 51 mins
Heretic Spellblade 8,By: K.D. Robertson,Length: 24 hrs and 26 mins
The Trump Code,By: Troy Anderson,Length: 7 hrs and 37 mins
Good Boys 2: Unleashed,By: Jeremy Robinson,Length: 10 hrs and 9 mins
Magic Breaks (Dramatized Adaptation),By: Ilona Andrews,Length: 11 hrs and 38 mins
Rise of the Living Forge,By: Actus,Length: 22 hrs and 43 mins
When the Moon Hits Your Eye,By: John Scalzi,Length: Not Yet Known
Summary & Workbook: $100M Leads,By: Alex Hormozi,Length: 2 hrs and 36 mins
The Crying Girls,By: Wendy Dranfield,Length: 11 hrs and 23 mins
Scythe & Sparrow,By: Brynne Weaver,Length: Not Yet Known
Wrath of the Triple Goddess,By: Rick Riordan,Length: 8 hrs and 38 mins
"Reincarnated as a Sword (Light Novel), Vol. 3",By: Yuu Tanaka,Length: 8 hrs and 43 mins
Older,By: Jennifer Hartmann,Length: 13 hrs and 49 mins
A Many-Threaded Tapestry,By: Olan Thorensen,Length: 24 hrs and 11 mins
Effortless Menopause for the Savvy Woman,By: Marsha Shepherd Whitt,Length: 4 hrs and 51 mins
Resistance,By: Sean Oswald,Length: 14 hrs and 10 mins
Blood Money,By: Silvia Violet,Length: 6 hrs and 45 mins
The Songbird and the Heart of Stone,By: Carissa Broadbent,Length: 15 hrs and 33 mins
How to Start a Business Complete Guidebook,By: David Whitehead,Length: 11 hrs and 16 mins
Sunrise on the Reaping,By: Suzanne Collins,Length: Not Yet Known
Protocols,By: Andrew D. Huberman Ph.D.,Length: 10 hrs
Framed,"By: John Grisham, Jim McCloskey",Length: 13 hrs and 55 mins
We Who Wrestle with God,By: Jordan B. Peterson,Length: 13 hrs
Identity Unknown,By: Patricia Cornwell,Length: 10 hrs and 12 mins
Skyshade,By: Alex Aster,Length: 9 hrs and 15 mins
"I Want to Trust You, but I Don't",By: Lysa TerKeurst,Length: 6 hrs and 51 mins
What Lights You Up?,By: Mary Olson-Menzel,Length: 5 hrs and 11 mins
Road to Mastery 4,By: Valerios,Length: 24 hrs and 9 mins
Onyx Storm,By: Rebecca Yarros,Length: 14 hrs and 15 mins
Your Jesus Is Too American,"By: Steve Bezner, Beth Moore - foreword",Length: 7 hrs and 28 mins
"Heretical Fishing 3: A Cozy Guide to Annoying the Cults, Outsmarting the Fish, and Alienating Oneself",By: Haylock Jobson,Length: 17 hrs and 46 mins
We Have Never Been Woke,By: Musa al-Gharbi,Length: 14 hrs and 34 mins
Gathering Mist,By: Margaret Mizushima,Length: 9 hrs and 29 mins
Never Play It Safe,By: Chase Jarvis,Length: 7 hrs and 16 mins
Countdown 1960,"By: Chris Wallace, Mitch Weiss - contributor",Length: 14 hrs and 12 mins
Mimic & Me 3,"By: Cassius Lange, Ryan Tang",Length: 17 hrs and 3 mins
The Last One at the Wedding,By: Jason Rekulak,Length: 11 hrs and 14 mins
Road to Mastery 5,By: Valerios,Length: 17 hrs and 44 mins
In Too Deep,"By: Lee Child, Andrew Child",Length: 9 hrs and 58 mins
Now or Never,By: Janet Evanovich,Length: 8 hrs
Coven King 3,"By: Virgil Knightley, Edgar Riggs",Length: 10 hrs and 55 mins
The Nightmare Before Kissmas,By: Sara Raasch,Length: 12 hrs and 23 mins
"Soccer Stikers, Football Legends, Basketball Champions (2 Books in 1)",By: Zach Rosenthal,Length: 6 hrs and 11 mins
The Waiting,By: Michael Connelly,Length: 10 hrs and 50 mins
Main Street Millionaire,By: Codie Sanchez,Length: 9 hrs
The Maid of Honor,By: Elle Gray,Length: 8 hrs and 55 mins
Lord of Vice,By: Piper Stone,Length: 9 hrs and 24 mins
The Witches of Scotland: The Dream Dancers: Akashic Chronicles,By: Steven P Aitchison,Length: 4 hrs and 42 mins
The Secret Base,By: Nathan Hystad,Length: 9 hrs and 43 mins
Frames of Mind,By: Howard E. Gardner,Length: 19 hrs and 30 mins
The Orphanage by the Lake,By: Daniel G. Miller,Length: 7 hrs and 50 mins
Pucking Sweet,By: Emily Rath,Length: 19 hrs and 44 mins
Close Range,By: Shannon Baker,Length: 9 hrs and 9 mins
Wind and Truth,By: Brandon Sanderson,Length: 55 hrs
Bog Standard Isekai: Illusionist,By: Miles English,Length: 18 hrs and 52 mins
Walking Disaster,By: Deryck Whibley,Length: 8 hrs and 20 mins
A Body at the Grand Hotel,By: Benedict Brown,Length: Not Yet Known
Closer to God,By: Jeannie Cunnion,Length: 6 hrs and 51 mins
Vengeance Planning for Amateurs,By: Lee Winter,Length: 11 hrs and 41 mins
A Dark and Secret Magic,By: Wallis Kinney,Length: 11 hrs
Temptation Trails,By: Claire Kingsley,Length: 11 hrs and 22 mins
Good as Gold,By: Judy Shelton,Length: 10 hrs and 38 mins
Inseparable,By: A.H. Hadley,Length: 17 hrs and 33 mins
House of Fire and Magic,By: Sherrilyn Kenyon,Length: 10 hrs and 58 mins
Healing What's Within,By: Chuck DeGroat,Length: 5 hrs and 36 mins
Wild Faith,By: Talia Lavin,Length: 9 hrs and 45 mins
Brothers,By: Alex van Halen,Length: 6 hrs and 9 mins
Copaternidad Efectiva o Crianza Paralela con un Narcisista [Effective Coparenting or Parallel Parenting with a Narcissist],By: Claire Brown,Length: 5 hrs and 1 min
Deadly Defense,By: Robin James,Length: 8 hrs and 57 mins
Challenger,By: Seth Ring,Length: 14 hrs
Scarred Resolve,By: K.N. Banet,Length: 8 hrs and 15 mins
Beware of Chicken 4: A Xianxia Cultivation Novel,By: Casualfarmer,Length: 30 hrs and 8 mins
Tower of Blight,By: James T. Callum,Length: 15 hrs and 17 mins
Rook & Rebel,By: Kate Crew,Length: 10 hrs and 12 mins
Love After Midnight,By: Sister Souljah,Length: 15 hrs and 15 mins
Bonded in Death,By: J. D. Robb,Length: 10 hrs and 30 mins
I'll Be Home for Mischief,By: Jacqueline Frost,Length: 8 hrs
Blind Spots,By: Marty Makary MD,Length: 10 hrs and 24 mins
The Way We Play: or Tempting the Kicker,By: Tia Louise,Length: 9 hrs and 35 mins
Sunlight,By: Devney Perry,Length: 9 hrs and 16 mins
Da Baddest,"By: Trina, Sesali Bowen - contributor",Length: 5 hrs and 17 mins
Second Chance Husband,By: Carrie Ann Ryan,Length: 5 hrs and 53 mins
To Die For,By: David Baldacci,Length: 12 hrs
Zodiac Academy,"By: Caroline Peckham, Susanne Valenti",Length: 10 hrs and 21 mins
7 Hours to Die,"By: James Patterson, Duane Swierczynski",Length: 2 hrs and 25 mins
Hand of Abaddon,By: Nick Kyme,Length: 13 hrs and 3 mins
There's Only One Noon Yeah,By: Rob Bell,Length: 8 hrs and 10 mins
Bells Hells—What Doesn't Break,"By: Cassandra Khaw, Critical Role",Length: 11 hrs and 13 mins
Earthshaker: A LitRPG Progression Fantasy,By: Plum Parrot,Length: 19 hrs and 12 mins
The Grey Wolf,By: Louise Penny,Length: 12 hrs and 51 mins
A Very No Strings Halloween,"By: Kayley Loring, Connor Crais",Length: 6 hrs and 10 mins
Stronger than Yesterday,By: Michael Matthews,Length: 7 hrs and 7 mins
The Biblical Path to Financial Freedom,By: Seth Jones,Length: 6 hrs and 45 mins
The Somerset Slayings,By: David J. Gatward,Length: 7 hrs and 15 mins
The Fury of the Gods,By: John Gwynne,Length: 19 hrs and 31 mins
"That Time I Got Reincarnated as a Slime, Vol. 1 (Light Novel)","By: Fuse, Mitz Mitz Vah - illustrator, Kevin Gifford - translator",Length: 9 hrs
Experiencing the American Dream,By: Mark Matson,Length: Not Yet Known
What Color Is Your Parachute?,By: Richard N. Bolles,Length: 13 hrs
The Villainess Is an SS+ Rank Adventurer 5,By: Kaye Ng,Length: 9 hrs and 41 mins
Loremaster: Winged Wolf,By: M.E. Robinson,Length: 22 hrs and 16 mins
A Killer of Influence,By: JD Kirk,Length: 12 hrs and 29 mins
Mine to Take,By: Jennifer Sucevic,Length: 8 hrs and 14 mins
Magma Heart,By: Plum Parrot,Length: 21 hrs and 29 mins
Theirs,By: Penny Crane,Length: 7 hrs and 14 mins
A Fondant Farewell,By: H.Y. Hanna,Length: 10 hrs and 47 mins
Baneblade,By: Guy Haley,Length: 11 hrs and 49 mins
The Book of Witching,By: C. J. Cooke,Length: 10 hrs and 21 mins
The Let Them Theory,By: Mel Robbins,Length: Not Yet Known
Naughty: Erotic Sex Stories,By: Lauren Rose,Length: 10 hrs and 10 mins
Promise Me Not,By: Meagan Brandy,Length: 12 hrs and 9 mins
The Rise of the Sinister: 2nd Chronicles of Arianthem III,By: Samantha Sabian,Length: 11 hrs and 54 mins
The Legend of Randidly Ghosthound 8,"By: Noret Flood, puddles4263",Length: 29 hrs and 7 mins
Constituent Service,By: John Scalzi,Length: 2 hrs and 30 mins
"Overlord, Vol. 14","By: Kugane Maruyama, so-bin - illustrator, Andrew Cunningham - translator",Length: 12 hrs and 19 mins
The Hatesick Diaries,By: Saffron A. Kent,Length: 17 hrs and 30 mins
The Triumph of Venus,By: Travis Starnes,Length: 14 hrs and 26 mins
On Being Jewish Now,By: Zibby Owens - editor,Length: 7 hrs and 43 mins
The Butcher's Masquerade,By: Matt Dinniman,Length: 23 hrs and 33 mins
By Any Other Name,By: Jodi Picoult,Length: 18 hrs and 25 mins
Awakening the Angel System: Angel of War,By: Dungeon Ducky,Length: 13 hrs and 47 mins
The Wingman,By: Stephanie Archer,Length: 11 hrs and 39 mins
Discovery,By: P.A. Parsons,Length: 16 hrs and 39 mins
Crown of Midnight,By: Sarah J. Maas,Length: 12 hrs and 43 mins
Heart of the Machine: A Humorous Isekai LitRPG,By: Icalos,Length: 15 hrs and 47 mins
Grimstone,By: Sophie Lark,Length: 9 hrs and 46 mins
Everyday Gospel,By: Paul David Tripp,Length: Not Yet Known
The Invention of Good and Evil,By: Hanno Sauer,Length: 12 hrs and 44 mins
The Way of Kings,By: Brandon Sanderson,Length: 45 hrs and 30 mins
A Game of Thrones,By: George R.R. Martin,Length: 33 hrs and 46 mins
Rhythm of War,By: Brandon Sanderson,Length: 57 hrs and 26 mins
Dashing Devil 5: Bold Beginnings,By: G.D. Brooks,Length: 20 hrs and 1 min
Shock Induction,By: Chuck Palahniuk,Length: 6 hrs and 21 mins
Words of Radiance,By: Brandon Sanderson,Length: 48 hrs and 13 mins
Coral Memories,By: Jan Moran,Length: 5 hrs and 54 mins
Make 'Em Beg to Buy from You,By: Travis Sago,Length: 3 hrs and 14 mins
Queen of Shadows,By: Sarah J. Maas,Length: 20 hrs and 43 mins
"LLC (Limited Liability Company) Mastery Handbook: A 9 Step Beginners System on How to Start, Run, and Grow a Small Business Master Branding, Accounting, Tax Advantages, Expansion Strategies and More",By: David Whitehead,Length: 12 hrs and 27 mins
Stone,By: Anna Hackett,Length: 2 hrs and 59 mins
Back to Eden,By: Jethro Kloss,Length: 28 hrs and 2 mins
Fate's Enforcer,"By: Adam Lance, Anne Ominous",Length: 10 hrs
The Two Towers,By: J. R. R. Tolkien,Length: 20 hrs and 46 mins
Heir of Fire,By: Sarah J. Maas,Length: 17 hrs and 56 mins
Livesuit,By: James S.A. Corey,Length: 2 hrs and 43 mins
The Romance Line,By: Lauren Blakely,Length: 12 hrs and 11 mins
Polostan,By: Neal Stephenson,Length: 11 hrs and 41 mins
Forever Starts Tonight,By: Karla Sorensen,Length: 11 hrs and 37 mins
Black River,By: Nilanjana Roy,Length: 11 hrs and 11 mins
Binaural Beats Delta and Theta Waves Targeting Deep Relaxation and Sleep,By: Katherine Coleman,Length: 11 hrs and 54 mins
The Obstacle Is the Way Expanded (10th Anniversary Edition),By: Ryan Holiday,Length: 4 hrs and 57 mins
Killing Time,"By: M. C. Beaton, R. W. Green",Length: 7 hrs and 5 mins
Task Force Hammer,By: Craig Alanson,Length: 22 hrs and 9 mins
Filthy Wicked Psychos: Complete Series,By: Eva Ashwood,Length: 52 hrs and 49 mins
Torrent Witches Cozy Mysteries Complete Box Set: Books 1-10,By: Tess Lake,Length: 65 hrs and 31 mins
A Court of Silver Flames,By: Sarah J. Maas,Length: 26 hrs and 5 mins
Irreplaceable,By: Pascal Bornet,Length: 9 hrs and 56 mins
The Chronicles of Narnia Complete Audio Collection,By: C. S. Lewis,Length: 33 hrs and 45 mins
A Clash of Kings,By: George R.R. Martin,Length: 37 hrs and 12 mins
"Harry Potter and the Half-Blood Prince, Book 6",By: J.K. Rowling,Length: 18 hrs and 32 mins
"Harry Potter and the Deathly Hallows, Book 7",By: J.K. Rowling,Length: 21 hrs and 36 mins
The Boyfriend,By: Freida McFadden,Length: 9 hrs and 13 mins
Hell of a Witch,By: Rachel Aaron,Length: 11 hrs and 34 mins
Drop Dead,By: Lily Chu,Length: 11 hrs and 25 mins
Lights Out,By: Navessa Allen,Length: 13 hrs and 38 mins
The Mirror,By: Nora Roberts,Length: 13 hrs and 48 mins
Slap Shot Surprise,By: Melanie Harlow,Length: 9 hrs and 36 mins
Sgt. Thor the Damned,"By: Jason Anspach, Nick Cole",Length: 10 hrs and 8 mins
The Great Indoors,By: Ginny Hogan,Length: 3 hrs and 53 mins
The Well of Ascension,By: Brandon Sanderson,Length: 28 hrs and 56 mins
"Harry Potter and the Order of the Phoenix, Book 5",By: J.K. Rowling,Length: 26 hrs and 28 mins
The Great When,By: Alan Moore,Length: 13 hrs and 28 mins
The Hero of Ages,By: Brandon Sanderson,Length: 27 hrs and 25 mins
Nexus,By: Yuval Noah Harari,Length: 17 hrs and 28 mins
Dragonhunters,By: Garon Whited,Length: 8 hrs and 54 mins
The Eye of the Bedlam Bride,By: Matt Dinniman,Length: 26 hrs and 46 mins
A Court of Frost and Starlight,By: Sarah J. Maas,Length: 6 hrs and 23 mins
How to Win Friends & Influence People,By: Dale Carnegie,Length: 7 hrs and 15 mins
By Blood to Avenge,By: Natasha Knight,Length: 6 hrs and 54 mins
The Housemaid Is Watching,By: Freida McFadden,Length: 11 hrs and 42 mins
The Rocker's Muse,By: Penelope Ward,Length: 7 hrs and 57 mins
Unleashed,By: Boris Johnson,Length: 12 hrs
Road of Vengeance,"By: J.N. Chaney, Rick Partlow",Length: 10 hrs and 2 mins
Forbidden Puckboy,"By: Eden Finley, Saxon James",Length: 6 hrs and 58 mins
Oathbringer,By: Brandon Sanderson,Length: 55 hrs and 5 mins
The Alchemist of Brushstrokes and Brimstone,By: Gigi Pandian,Length: 9 hrs and 53 mins
The Shadow of Dread,By: T.C. Edge,Length: 39 hrs and 46 mins
A Storm of Swords,By: George R.R. Martin,Length: 47 hrs and 34 mins
A Rough Way to Go,By: Sam Garonzik,Length: 12 hrs and 8 mins
The Subtle Art of Not Giving a F*ck,By: Mark Manson,Length: 5 hrs and 17 mins
The Fake Wedding Project,By: Pippa Grant,Length: 7 hrs and 36 mins
Windswept,By: J. Dawn King,Length: 7 hrs and 18 mins
How to Talk to Anyone,By: Leil Lowndes,Length: 8 hrs and 59 mins
Dominion Genesis,By: Jonathan D Beer,Length: 10 hrs and 47 mins
Not Till We Are Lost,By: Dennis E. Taylor,Length: 11 hrs and 41 mins
Haunting Adeline,By: H. D. Carlton,Length: 15 hrs and 49 mins
Star Wars: The High Republic: Beware the Nameless,By: Zoraida Córdova,Length: 6 hrs and 32 mins
House of Sky and Breath,By: Sarah J. Maas,Length: 27 hrs and 42 mins
The Laws of Human Nature,By: Robert Greene,Length: 28 hrs and 26 mins
Trials of the Nekomancer,By: Dungeon Ducky,Length: 15 hrs and 42 mins
Nothing Heals Me Like You Do,By: Harper Bliss,Length: 7 hrs and 7 mins
His Path of Darkness,By: Ed James,Length: 12 hrs and 19 mins
House of Earth and Blood,By: Sarah J. Maas,Length: 27 hrs and 50 mins
"Harry Potter and the Chamber of Secrets, Book 2",By: J.K. Rowling,Length: 9 hrs and 2 mins
Empire of Storms,By: Sarah J. Maas,Length: 25 hrs and 18 mins
"Accomplishments of the Duke's Daughter (Light Novel), Vol. 1",By: Reia,Length: 6 hrs and 22 mins
Be Ready When the Luck Happens,By: Ina Garten,Length: 8 hrs and 47 mins
We Are Legion (We Are Bob),By: Dennis E. Taylor,Length: 9 hrs and 56 mins
The Complete Retirement Guide for People 50+,"By: Yearn More Publications, Yolanda Mabanglo",Length: 5 hrs and 49 mins
Tower of Dawn,By: Sarah J. Maas,Length: 22 hrs and 39 mins
Venery,By: C.M. Stunich,Length: 23 hrs and 35 mins
The Returned 1,By: Dante King,Length: 12 hrs and 49 mins
"Harry Potter and the Prisoner of Azkaban, Book 3",By: J.K. Rowling,Length: 11 hrs and 49 mins
A Court of Wings and Ruin,By: Sarah J. Maas,Length: 25 hrs and 9 mins
Rebel Heart,By: Brighton Walsh,Length: 8 hrs and 59 mins
Twisted Lies,By: Ana Huang,Length: 16 hrs and 23 mins
The Final Empire,By: Brandon Sanderson,Length: 24 hrs and 39 mins
A Court of Mist and Fury,By: Sarah J. Maas,Length: 23 hrs and 16 mins
The Killer's Club,By: Dan Decker,Length: 15 hrs and 40 mins
Lovely One,By: Ketanji Brown Jackson,Length: 18 hrs and 26 mins
Will Leave the Galaxy for Good,By: Yahtzee Croshaw,Length: 9 hrs and 50 mins
Knightqueen,By: Anna Hackett,Length: 5 hrs and 4 mins
Wicked King,By: Sienna Cross,Length: 9 hrs and 39 mins
Under the Breaking Sky: The Complete Apocalyptic Horror Series,By: Nick Clausen,Length: 59 hrs and 36 mins
Murder on the Nile,By: Verity Bright,Length: 8 hrs and 33 mins
He Who Fights with Monsters: A LitRPG Adventure,"By: Shirtaloon, Travis Deverell",Length: 28 hrs and 56 mins
The Finish Line,By: Kate Stewart,Length: 14 hrs and 39 mins
Drew,By: Siobhan Davis™,Length: 10 hrs and 35 mins
Thirsting,By: Strahan Coleman,Length: 6 hrs and 40 mins
The Dungeon Anarchist's Cookbook,By: Matt Dinniman,Length: 16 hrs and 54 mins
The Housemaid,By: Freida McFadden,Length: 9 hrs and 46 mins
It Starts with Us,By: Colleen Hoover,Length: 8 hrs and 41 mins
Dungeon Lord: Nightmare Kingdom,By: Hugo Huesca,Length: 29 hrs and 58 mins
Passions in Death: An Eve Dallas Novel,By: J. D. Robb,Length: 13 hrs and 54 mins
Loving the CEO,By: Layla Hagen,Length: 7 hrs and 12 mins
A Court of Mist and Fury (Part 1 of 2) (Dramatized Adaptation),By: Sarah J. Maas,Length: 8 hrs and 26 mins
He Who Fights with Monsters 11: A LitRPG Adventure,"By: Shirtaloon, Travis Deverell",Length: 26 hrs and 19 mins
Jones,By: Gerri Hill,Length: 6 hrs and 9 mins
The Pretenders of Copper County,By: May Archer,Length: 9 hrs and 45 mins
Hunting Adeline,By: H. D. Carlton,Length: 17 hrs and 24 mins
The Two Towers,By: J. R. R. Tolkien,Length: 16 hrs and 40 mins
Practical Adept,By: Terry Mancour,Length: 30 hrs and 21 mins
"Harry Potter and the Sorcerer's Stone, Book 1",By: J.K. Rowling,Length: 8 hrs and 18 mins
Can't Hurt Me,By: David Goggins,Length: 13 hrs and 37 mins
Iron Flame (Part 2 of 2) (Dramatized Adaptation),By: Rebecca Yarros,Length: 9 hrs and 27 mins
Dune,By: Frank Herbert,Length: 21 hrs and 2 mins
The Ritual,By: Shantel Tessier,Length: 16 hrs and 12 mins
For We Are Many,By: Dennis E. Taylor,Length: 8 hrs and 59 mins
The Stand,By: Stephen King,Length: 47 hrs and 47 mins
Kingdom of Ash,By: Sarah J. Maas,Length: 33 hrs and 11 mins
Star Wars: Mace Windu: The Glass Abyss,By: Steven Barnes,Length: 11 hrs and 38 mins
A Dance with Dragons,By: George R.R. Martin,Length: 48 hrs and 55 mins
"The Word of Promise Audio Bible—New King James Version, NKJV: Complete Bible",By: Thomas Nelson Inc.,Length: 98 hrs and 1 min
Dirty Ties,By: Pam Godwin,Length: 10 hrs and 27 mins
Binding 13,"By: Chloe Walsh, Antona Simongiovanni - traducteur",Length: 22 hrs and 53 mins
Sherlock Holmes: The Definitive Collection,"By: Arthur Conan Doyle, Stephen Fry - introductions",Length: 71 hrs and 57 mins
Zodiac Academy: The Awakening,"By: Caroline Peckham, Susanne Valenti",Length: 12 hrs and 10 mins
You Like It Darker,By: Stephen King,Length: 20 hrs and 21 mins
Two Can Play,By: Ali Hazelwood,Length: 4 hrs and 24 mins
Fairy Tale,By: Stephen King,Length: 24 hrs and 6 mins
Are You Afraid of the Dark? The Official Podcast: Season 2,By: Nickelodeon Podcasts,Length: 2 hrs and 4 mins
The Night We Lost Him,By: Laura Dave,Length: 7 hrs and 42 mins
The Psychology of Money,By: Morgan Housel,Length: 5 hrs and 54 mins
It,By: Stephen King,Length: 44 hrs and 55 mins
Truths,By: Vivek Ramaswamy,Length: 7 hrs and 18 mins
Outlive,"By: Peter Attia MD, Bill Gifford - contributor",Length: 17 hrs and 7 mins
"Something Lost, Something Gained",By: Hillary Rodham Clinton,Length: 13 hrs and 25 mins
The Keeper Chronicles: The Complete Trilogy,By: JA Andrews,Length: 46 hrs and 32 mins
Hedges,By: Jerry B. Jenkins,Length: 5 hrs and 55 mins
The Revered and the Pariah,By: J.E. Reed,Length: 21 hrs and 45 mins
The Way of Edan,By: Philip Chase,Length: 15 hrs and 18 mins
Two Lies and a Lord,By: Eloisa James,Length: 7 hrs and 17 mins
Twisted Love,By: Ana Huang,Length: 10 hrs and 41 mins
Smokin' Hot,By: Abbi Glines,Length: 7 hrs and 42 mins
The Love Elixir of Augusta Stern,By: Lynda Cohen Loigman,Length: 9 hrs and 40 mins
Alpha Varsity,By: Renee Rose,Length: 6 hrs and 48 mins
Atomic Habits,By: James Clear,Length: 5 hrs and 35 mins
Red Sky Mourning,By: Jack Carr,Length: 15 hrs and 28 mins
"MrBallen Presents: Strange, Dark & Mysterious",By: MrBallen,Length: 1 hr and 56 mins
James,By: Percival Everett,Length: 7 hrs and 49 mins
The Women,By: Kristin Hannah,Length: 14 hrs and 57 mins
The Nightingale,By: Kristin Hannah,Length: 17 hrs and 19 mins
Toll of Honor,By: David Weber,Length: 17 hrs and 45 mins
From Blood and Ash,By: Jennifer L. Armentrout,Length: 19 hrs and 46 mins
The Restless Wave,By: Admiral James Stavridis USN,Length: 10 hrs and 54 mins
Murder She Wrote: A Killer Christmas,"By: Jessica Fletcher, Terrie Farley Moran",Length: 7 hrs and 30 mins
The Dragon's Prophecy,By: Jonathan Cahn,Length: 9 hrs and 39 mins
Elon Musk,By: Walter Isaacson,Length: 20 hrs and 39 mins
Unfu*k Yourself,By: Gary John Bishop,Length: 3 hrs and 24 mins
A Court of Thorns and Roses,By: Sarah J. Maas,Length: 16 hrs and 7 mins
This Is Why We Lied,By: Karin Slaughter,Length: 18 hrs and 6 mins
Revenge of the Tipping Point,By: Malcolm Gladwell,Length: 8 hrs and 25 mins
The Sick Man's Rage,"By: Amir Tsarfati, Steve Yohn",Length: 10 hrs and 13 mins
"Tomorrow, and Tomorrow, and Tomorrow",By: Gabrielle Zevin,Length: 13 hrs and 52 mins
Dragon's Hoard 2,By: Gwen Grayson,Length: 8 hrs and 18 mins
A Feast for Crows,By: George R.R. Martin,Length: 33 hrs and 51 mins
The Anxious Generation,By: Jonathan Haidt,Length: 10 hrs and 32 mins
The Return of the King,By: J. R. R. Tolkien,Length: 21 hrs and 52 mins
"Harry Potter and the Goblet of Fire, Book 4",By: J.K. Rowling,Length: 20 hrs and 36 mins
Dune Messiah,By: Frank Herbert,Length: 8 hrs and 57 mins
Horus Rising,By: Dan Abnett,Length: 12 hrs and 14 mins
The Bletchley Riddle,"By: Ruta Sepetys, Steve Sheinkin",Length: 9 hrs and 30 mins
John Lewis,By: David Greenberg,Length: 24 hrs and 27 mins
All Too Well,By: Corinne Michaels,Length: 8 hrs and 48 mins
The King of Frost and Shadows,By: Jen L. Grey,Length: 10 hrs and 26 mins
Know the Score,By: Kylie Kent,Length: 7 hrs and 23 mins
Harry Potter and the Philosopher's Stone (Narrated by Stephen Fry),By: J.K. Rowling,Length: 8 hrs and 25 mins
From the Wizarding Archive,"By: J.K. Rowling, Evanna Lynch - foreword",Length: 8 hrs and 3 mins
The Gate of the Feral Gods,By: Matt Dinniman,Length: 18 hrs and 3 mins
Devious Knight,"By: Faith Summers, Khardine Gray",Length: 11 hrs and 30 mins
Hábitos atómicos (Español neutro),By: James Clear,Length: 9 hrs and 1 min
The Silmarillion,By: J. R. R. Tolkien,Length: 14 hrs and 49 mins
The Body Keeps the Score,By: Bessel van der Kolk M.D.,Length: 16 hrs and 15 mins
Property of a Rich Nigga 3: The Finale,By: Jessica N. Watkins,Length: 8 hrs and 17 mins
House of Flame and Shadow,By: Sarah J. Maas,Length: 29 hrs and 42 mins
The Bratva's Bride,By: Rose Chase,Length: 19 hrs and 44 mins
A Court of Mist and Fury (Part 2 of 2) (Dramatized Adaptation),By: Sarah J. Maas,Length: 8 hrs and 23 mins
"The Borrowed World Box Set, Volume Three: Books 7-9",By: Franklin Horton,Length: 27 hrs and 52 mins
Fourth Wing,By: Rebecca Yarros,Length: 21 hrs and 22 mins
The Night Woods,By: Paula Munier,Length: 11 hrs and 41 mins
Bad Moon,By: Jodi Taylor,Length: 10 hrs
Verity,By: Colleen Hoover,Length: 8 hrs and 10 mins
Our Evenings,By: Alan Hollinghurst,Length: 16 hrs and 36 mins
A Court of Wings and Ruin (1 of 3) [Dramatized Adaptation],By: Sarah J. Maas,Length: 6 hrs and 11 mins
Golden Son,By: Pierce Brown,Length: 19 hrs and 3 mins
Void Drifter 3,"By: Jason Anspach, J.N. Chaney",Length: 11 hrs and 40 mins
Becoming Supernatural,By: Joe Dispenza,Length: 14 hrs and 6 mins
Harry Potter and the Chamber of Secrets (Narrated by Stephen Fry),By: J.K. Rowling,Length: 9 hrs and 43 mins
Exposing the Devil's Playbook,By: John Ramirez,Length: 5 hrs and 59 mins
Harry Potter and the Goblet of Fire (Narrated by Stephen Fry),By: J.K. Rowling,Length: 20 hrs and 54 mins
Project Hail Mary,By: Andy Weir,Length: 16 hrs and 10 mins
Secrets of the Lost Ledgers,By: C.J. Archer,Length: 8 hrs and 17 mins
The Briar Club,By: Kate Quinn,Length: 15 hrs and 3 mins
Confronting the Presidents,"By: Bill O'Reilly, Martin Dugard",Length: 16 hrs and 26 mins
When He Dares,By: Suzanne Wright,Length: 11 hrs and 48 mins
He Who Fights with Monsters 2,"By: Shirtaloon, Travis Deverell",Length: 22 hrs and 1 min
The Message,By: Ta-Nehisi Coates,Length: 5 hrs and 20 mins
The Witches of El Paso,By: Luis Jaramillo,Length: 9 hrs and 50 mins
Never Lie,By: Freida McFadden,Length: 7 hrs and 21 mins
Undeniably Infatuated,"By: J. Saman, Julie Saman",Length: 11 hrs and 28 mins
Bananapants,By: Penny Reid,Length: 15 hrs and 20 mins
It Ends with Us,By: Colleen Hoover,Length: 11 hrs and 11 mins
The Boyfriend Goal,By: Lauren Blakely,Length: 11 hrs and 51 mins
Hate Me,By: Summer O'Toole,Length: 8 hrs and 18 mins
A Kingdom of Flesh and Fire,By: Jennifer L. Armentrout,Length: 24 hrs and 21 mins
Monarch,By: Sophie Lark,Length: 9 hrs and 7 mins
Able to Laugh,"By: Jade Reynolds, John Reynolds",Length: 4 hrs and 51 mins
In the Shadow of Kings,By: Philip C. Quaintrell,Length: 27 hrs and 12 mins
He Who Fights with Monsters 5,"By: Shirtaloon, Travis Deverell",Length: 20 hrs and 5 mins
The Dragon's Blade Trilogy,By: Michael R. Miller,Length: 45 hrs and 58 mins
12 Rules for Life,"By: Jordan B. Peterson, Norman Doidge MD",Length: 15 hrs and 40 mins
Demon Copperhead,By: Barbara Kingsolver,Length: 21 hrs and 3 mins
Pachinko,By: Min Jin Lee,Length: 17 hrs and 48 mins
Bad to the Throne,By: Eric Ugland,Length: 13 hrs and 17 mins
Ready Player One,By: Ernest Cline,Length: 15 hrs and 40 mins
Starship Troopers,By: Robert A. Heinlein,Length: 8 hrs and 15 mins
The Witching Hour,By: Anne Rice,Length: 50 hrs and 1 min
"Chrysalis, Books 1-3",By: RinoZ,Length: 54 hrs and 41 mins
Hillbilly Elegy,By: J. D. Vance,Length: 6 hrs and 49 mins
True Believer,By: Jack Carr,Length: 15 hrs and 44 mins
Remarkably Bright Creatures,By: Shelby Van Pelt,Length: 11 hrs and 16 mins
Dungeon Crawler Carl,By: Matt Dinniman,Length: 13 hrs and 31 mins
Stroke,By: Stephanie Nicole Norris,Length: 3 hrs and 53 mins
Christmasland,By: Anne-Marie Meyer,Length: 5 hrs and 44 mins
Wild Eyes,By: Elsie Silver,Length: 10 hrs and 26 mins
He Who Fights with Monsters 8,"By: Shirtaloon, Travis Deverell",Length: 18 hrs and 12 mins
All These Worlds,By: Dennis E. Taylor,Length: 7 hrs and 56 mins
Iron Flame (Part 1 of 2) (Dramatized Adaptation),By: Rebecca Yarros,Length: 11 hrs and 38 mins
Credence,By: Penelope Douglas,Length: 16 hrs and 55 mins
The Last Word on Power,By: Tracy Goss,Length: 10 hrs and 21 mins
Capture or Kill,"By: Vince Flynn, Don Bentley",Length: 12 hrs and 47 mins
The Power of Now,By: Eckhart Tolle,Length: 7 hrs and 37 mins
Warbreaker's Rage,By: Troy Osgood,Length: 20 hrs and 38 mins
Star Wars: Padawan's Pride,"By: Lucasfilm Press, Bryan Q. Miller",Length: 3 hrs and 57 mins
The Dark Tower I,By: Stephen King,Length: 7 hrs and 20 mins
48 Laws of Power,By: Robert Greene,Length: 23 hrs and 6 mins
Throne of Glass,By: Sarah J. Maas,Length: 13 hrs and 3 mins
The Art of Power,By: Nancy Pelosi,Length: 10 hrs and 45 mins
You Can Heal Your Life (40th Anniversary Edition),By: Louise Hay,Length: 6 hrs and 55 mins
He Who Fights with Monsters 3,"By: Shirtaloon, Travis Deverell",Length: 24 hrs and 39 mins
Twisted Cross Ranch: The Complete Series,"By: K. Loraine, Meg Anne",Length: 15 hrs and 39 mins
We Solve Murders,By: Richard Osman,Length: 10 hrs and 32 mins
A Court of Frost and Starlight (Dramatized Adaptation),By: Sarah J. Maas,Length: 5 hrs and 33 mins
The Empress of Beasts,By: pirateaba,Length: 28 hrs and 59 mins
Welcome to Carnage,By: Selena Winters,Length: 2 hrs and 55 mins
Hell Divers XII: Heroes,By: Nicholas Sansbury Smith,Length: 13 hrs and 17 mins
"Your Soul Had a Dream, Your Life Is It",By: Rebecca Campbell,Length: 7 hrs and 45 mins
Under Your Scars,By: Ariel N. Anderson,Length: 19 hrs and 2 mins
The Wretched of the Earth,By: Frantz Fanon,Length: 9 hrs and 20 mins
Galaxy in Flames,By: Ben Counter,Length: 8 hrs and 50 mins
From Blood and Ash (Part 2 of 2) (Dramatized Adaptation),By: Jennifer L. Armentrout,Length: 7 hrs and 18 mins
The Wise Man's Fear,By: Patrick Rothfuss,Length: 42 hrs and 55 mins
He Who Fights with Monsters 4,"By: Shirtaloon, Travis Deverell",Length: 22 hrs and 20 mins
Never Finished,By: David Goggins,Length: 11 hrs and 6 mins
Nexus (Spanish Edition),By: Yuval Noah Harari,Length: 17 hrs and 50 mins
Hexy Hijinks,By: Amanda M. Lee,Length: 10 hrs and 32 mins
The Assassin's Blade,By: Sarah J. Maas,Length: 12 hrs and 52 mins
The Woman in Me,By: Britney Spears,Length: 5 hrs and 31 mins
False Gods,By: Graham McNeill,Length: 11 hrs and 18 mins
Born of Blood and Ash,By: Jennifer L. Armentrout,Length: 37 hrs and 1 min
The Three-Body Problem,By: Cixin Liu,Length: 13 hrs and 26 mins
How Do You Feel?,By: Jessi Gold,Length: 7 hrs and 44 mins
Loving Mothers,By: Miranda Smith,Length: 8 hrs and 37 mins
Iron Flame,By: Rebecca Yarros,Length: 28 hrs and 16 mins
Things We Never Got Over,By: Lucy Score,Length: 16 hrs and 1 min
House of Sky and Breath (Part 2 of 2) (Dramatized Adaptation),By: Sarah J. Maas,Length: 11 hrs and 51 mins
The Next Conversation,By: Jefferson Fisher,Length: Not Yet Known
The Butcher Game,By: Alaina Urquhart,Length: 9 hrs and 55 mins
Killers of the Flower Moon,By: David Grann,Length: 9 hrs and 4 mins
Targeted: Beirut,"By: Jack Carr, James M. Scott",Length: 14 hrs and 18 mins
A Court of Silver Flames (Part 1 of 2) (Dramatized Adaptation),By: Sarah J. Maas,Length: 10 hrs
The Will of the Many,By: James Islington,Length: 28 hrs and 14 mins
Pretty Girls,By: Karin Slaughter,Length: 20 hrs
The Girl Who Was Taken,By: Charlie Donlea,Length: 10 hrs and 49 mins
Undoing,By: Jourdyn Kelly,Length: 10 hrs and 17 mins
Baskets and Beignets,By: Jana DeLeon,Length: 9 hrs and 39 mins
Red Rising,By: Pierce Brown,Length: 16 hrs and 12 mins
Caleb: Still in F*cking Noodle,By: Jeff Menapace,Length: 7 hrs and 54 mins
Umbral Savage,By: JD Glasscock,Length: 15 hrs and 21 mins
Morning Star,By: Pierce Brown,Length: 21 hrs and 50 mins
Here One Moment,By: Liane Moriarty,Length: 15 hrs and 53 mins
The Glitch,By: Leeanne Slade,Length: 11 hrs and 36 mins
Storm of Ink and Blood,By: Nisha J. Tuli,Length: 12 hrs and 55 mins
The Wedding Witch,By: Erin Sterling,Length: 6 hrs and 30 mins
"Days of Want Series, Books 1-7",By: T. L. Payne,Length: 43 hrs and 42 mins
What in the World?!,By: Leanne Morgan,Length: 6 hrs and 7 mins
Succubus Summoner: The Complete Omnibus,"By: Virgil Knightley, Annabelle Hawthorne",Length: 24 hrs and 49 mins
"Spirit of the Antichrist, Volume One: The Gathering Cloud of Deception",By: J.B. Hixson,Length: 9 hrs and 21 mins
The Silent Patient,By: Alex Michaelides,Length: 8 hrs and 33 mins
Unfiltered,By: Guenther Steiner,Length: 7 hrs and 57 mins
The 7 Habits of Highly Effective People,By: Stephen R. Covey,Length: 13 hrs and 4 mins
A Cage of Kingdoms,By: K.F Breene,Length: 17 hrs and 3 mins
Magitech Chronicles Omnibus,By: Chris Fox,Length: 108 hrs and 51 mins
"The America Falls Omnibus, Books 1-11",By: Scott Medbury,Length: 59 hrs and 35 mins
Heaven's River,By: Dennis E. Taylor,Length: 16 hrs and 57 mins
Fire & Blood (HBO Tie-in Edition),By: George R. R. Martin,Length: 26 hrs and 24 mins
Crossed Sticks,"By: Ryan Taylor, Joshua Harwood",Length: 8 hrs and 49 mins
Jurassic Park,By: Michael Crichton,Length: 15 hrs and 10 mins
The Five Year Lie,By: Sarina Bowen,Length: 12 hrs and 41 mins
Sparktopia,By: JA Huss,Length: 18 hrs and 47 mins
Part of Your World,By: Abby Jimenez,Length: 10 hrs and 5 mins
The Hobbit,By: J. R. R. Tolkien,Length: 10 hrs and 25 mins
Rather: The Therapist,By: Grey Huffington,Length: 11 hrs and 35 mins
Suburban Warlock 3,By: Noah Layton,Length: 6 hrs and 55 mins
The Book of George,By: Kate Greathead,Length: 9 hrs and 17 mins
"Colony of Lies: The Ghara Chronicles: Season One, Episode One",By: Chris Philbrook,Length: 3 hrs
He Who Fights with Monsters 9,"By: Shirtaloon, Travis Deverell",Length: 28 hrs and 3 mins
The Fellowship of the Ring,By: J. R. R. Tolkien,Length: 22 hrs and 38 mins
Their Frozen Bones,By: D.K. Hood,Length: 7 hrs and 53 mins
The Love in Duet Collection,By: Lauren Blakely,Length: 32 hrs and 45 mins
The Return of the King,By: J. R. R. Tolkien,Length: 18 hrs and 19 mins
The Lightning Thief,By: Rick Riordan,Length: 10 hrs and 2 mins
Defiance of the Fall 2,"By: TheFirstDefier, JF Brink",Length: 24 hrs and 30 mins
Counting Miracles,By: Nicholas Sparks,Length: 10 hrs and 45 mins
Rebirth of the Density God,By: ToraAKR,Length: 18 hrs and 44 mins
Heat of the Everflame,By: Penn Cole,Length: 34 hrs and 29 mins
The Book of Life,By: Deborah Harkness,Length: 23 hrs and 53 mins
Dragonfly in Amber,By: Diana Gabaldon,Length: 38 hrs and 54 mins
